1,200,398.5679999999998
2,200,300.711
3,200,307.493
4,200,304.168
5,200,305.114
6,200,307.94500000000005
7,200,303.71799999999996
8,200,298.39700000000005
9,200,300.82599999999996
10,200,297.968
11,200,298.483
12,200,300.998
13,200,297.574
14,200,298.456
15,200,299.132
16,200,300.86600000000004
17,200,297.286
18,200,299.14099999999996
19,200,298.06100000000004
20,200,297.593
21,200,296.983
22,200,297.298
23,200,297.37
24,200,296.77500000000003
25,200,1472.771
26,200,15.423
27,200,17.235
28,200,25.007
29,200,17.293
30,200,18.468
31,200,13.83
32,200,14.396
33,200,14.474
34,200,15.245
35,200,14.667
36,200,25.465
37,200,23.041
38,200,27.918
39,200,14.31
40,200,20.5
41,200,14.916
42,200,14.770999999999999
43,200,18.481
44,200,19.721
45,200,14.085
46,200,15.056999999999999
47,200,14.891
48,200,14.497
49,200,17.948
50,200,14.899000000000001
51,200,14.205
52,200,13.575999999999999
53,200,13.863999999999999
54,200,13.327
55,200,14.785
56,200,14.059000000000001
57,200,14.648
58,200,13.129
59,200,13.252
60,200,14.327
61,200,12.813
62,200,14.253
63,200,13.718
64,200,15.042
65,200,14.801
66,200,15.017000000000001
67,200,16.005
68,200,14.21
69,200,15.34
70,200,14.955
71,200,13.173
72,200,13.568999999999999
73,200,12.946
74,200,13.391
75,200,18.414
76,200,14.522
77,200,14.041
78,200,13.807
79,200,14.840000000000002
80,200,14.597999999999999
81,200,14.161999999999999
82,200,15.405000000000001
83,200,16.387999999999998
84,200,15.583
85,200,14.302999999999999
86,200,14.985999999999999
87,200,14.433
88,200,17.404
89,200,14.084
90,200,299.76399999999995
91,200,297.841
92,200,297.18699999999995
93,200,296.71
94,200,302.03400000000005
95,200,304.739
96,200,296.65799999999996
97,200,296.966
98,200,302.564
99,200,299.378
100,200,297.21999999999997
101,200,297.435
102,200,298.13800000000003
103,200,298.652
104,200,298.009
105,200,298.271
106,200,304.77500000000003
107,200,299.09999999999997
108,200,297.668
109,200,296.817
110,200,297.781
111,200,298.174
112,200,297.722
113,200,296.608
114,200,297.11199999999997
115,200,300.37
116,200,300.162
117,200,301.685
118,200,298.92800000000005
119,200,301.241
120,200,299.88599999999997
121,200,298.233
122,200,305.56899999999996
123,200,301.236
124,200,299.288
125,200,297.958
126,200,297.452
127,200,296.228
128,200,297.597
129,200,297.79699999999997
130,200,299.146
131,200,297.408
132,200,296.477
133,200,300.488
134,200,298.872
135,200,298.748
136,200,300.438
137,200,298.566
138,200,305.604
139,200,303.082
140,200,301.077
141,200,298.556
142,200,298.971
143,200,298.935
144,200,298.757
145,200,302.26599999999996
146,200,298.911
147,200,299.313
148,200,298.262
149,200,297.56
150,200,299.01
151,200,299.575
152,200,298.966
153,200,300.38300000000004
154,200,298.902
155,200,296.525
156,200,298.32
157,200,296.98
158,200,297.709
159,200,296.404
160,200,303.897
161,200,297.42
162,200,297.921
163,200,297.833
164,200,297.41499999999996
165,200,299.037
166,200,297.207
167,200,301.98
168,200,300.36
169,200,298.321
170,200,298.423
171,200,298.29499999999996
172,200,300.066
173,200,296.46099999999996
174,200,297.85200000000003
175,200,302.913
176,200,296.33500000000004
177,200,300.36400000000003
178,200,299.285
179,200,301.495
180,200,298.47
181,200,306.08000000000004
182,200,300.725
183,200,328.351
184,200,296.122
185,200,298.567
186,200,297.65000000000003
187,200,300.765
188,200,299.99199999999996
189,200,300.843
190,200,300.07800000000003
191,200,300.527
192,200,298.09799999999996
193,200,297.95700000000005
194,200,299.663
195,200,296.427
196,200,296.921
197,200,302.32300000000004
198,200,298.438
199,200,300.516
200,200,297.09200000000004
201,200,297.642
202,200,306.435
203,200,297.66700000000003
204,200,296.68699999999995
205,200,297.196
206,200,301.152
207,200,302.832
208,200,296.285
209,200,296.648
210,200,296.159
211,200,296.045
212,200,297.664
213,200,297.71
214,200,298.387
215,200,299.31600000000003
216,200,298.445
217,200,299.15599999999995
218,200,296.46
219,200,297.54999999999995
220,200,297.059
221,200,297.21999999999997
222,200,296.35
223,200,297.91200000000003
224,200,301.77
225,200,298.185
226,200,299.15000000000003
227,200,297.45500000000004
228,200,297.41200000000003
229,200,304.016
230,200,297.252
231,200,297.085
232,200,299.272
233,200,299.495
234,200,298.009
235,200,299.005
236,200,298.87
237,200,299.072
238,200,298.748
239,200,302.633
240,200,298.491
241,200,298.862
242,200,299.25800000000004
243,200,300.791
244,200,299.139
245,200,298.042
246,200,300.73199999999997
247,200,298.037
248,200,297.814
249,200,304.182
250,200,297.351
251,200,303.753
252,200,296.81800000000004
253,200,296.29299999999995
254,200,295.76000000000005
255,200,297.35200000000003
256,200,299.38100000000003
257,200,299.469
258,200,300.504
259,200,299.9
260,200,302.49
261,200,301.439
262,200,300.465
263,200,299.19
264,200,300.656
265,200,298.16900000000004
266,200,297.68
267,200,296.26599999999996
268,200,298.456
269,200,298.921
270,200,300.696
271,200,296.965
272,200,297.354
273,200,299.222
274,200,297.879
275,200,298.203
276,200,299.433
277,200,300.935
278,200,299.661
279,200,300.26599999999996
280,200,298.65599999999995
281,200,298.328
282,200,300.27700000000004
283,200,299.122
284,200,301.556
285,200,300.07099999999997
286,200,298.388
287,200,297.868
288,200,298.666
289,200,298.697
290,200,298.153
291,200,298.553
292,200,297.44399999999996
293,200,298.654
294,200,301.387
295,200,300.44599999999997
296,200,300.045
297,200,299.78900000000004
298,200,299.57099999999997
299,200,298.935
300,200,300.728
301,200,297.829
302,200,301.68699999999995
303,200,298.75
304,200,297.573
305,200,298.197
306,200,300.42999999999995
307,200,299.45500000000004
308,200,298.576
309,200,299.768
310,200,299.12699999999995
311,200,299.252
312,200,299.613
313,200,301.002
314,200,299.94
315,200,299.66900000000004
316,200,300.928
317,200,297.734
318,200,297.54
319,200,297.952
320,200,298.216
321,200,299.268
322,200,299.23
323,200,296.62899999999996
324,200,297.016
325,200,297.333
326,200,297.267
327,200,297.77799999999996
328,200,298.224
329,200,297.78900000000004
330,200,299.344
331,200,297.67900000000003
332,200,298.95300000000003
333,200,298.15999999999997
334,200,297.53400000000005
335,200,297.898
336,200,299.137
337,200,297.794
338,200,297.359
339,200,299.004
340,200,298.711
341,200,298.126
342,200,297.06300000000005
343,200,297.12100000000004
344,200,296.151
345,200,298.239
346,200,297.068
347,200,298.102
348,200,296.643
349,200,296.37
350,200,298.096
351,200,299.269
352,200,300.52099999999996
353,200,299.65500000000003
354,200,299.043
355,200,298.94300000000004
356,200,298.671
357,200,300.385
358,200,300.225
359,200,301.64000000000004
360,200,298.65999999999997
361,200,297.931
362,200,297.33
363,200,296.35499999999996
364,200,298.651
365,200,297.051
366,200,297.139
367,200,297.03000000000003
368,200,296.43399999999997
369,200,297.389
370,200,298.643
371,200,298.447
372,200,297.905
373,200,299.0
374,200,299.43399999999997
375,200,299.196
376,200,297.496
377,200,300.722
378,200,299.86400000000003
379,200,298.37
380,200,299.644
381,200,298.779
382,200,299.29
383,200,145.929
384,200,144.715
385,200,146.864
386,200,146.044
387,200,146.161
388,200,147.18
389,200,147.06
390,200,148.60899999999998
391,200,147.732
392,200,148.927
393,200,146.46200000000002
394,200,145.196
395,200,145.047
396,200,144.44199999999998
397,200,144.91899999999998
398,200,146.60899999999998
399,200,145.035
400,200,147.134
401,200,146.5
402,200,145.131
403,200,146.883
404,200,146.297
405,200,147.16099999999997
406,200,144.926
407,200,146.445
408,200,144.987
409,200,145.11499999999998
410,200,143.808
411,200,143.644
412,200,144.444
413,200,143.822
414,200,144.495
415,200,143.832
416,200,145.21800000000002
417,200,146.73600000000002
418,200,145.872
419,200,142.58399999999997
420,200,143.565
421,200,143.572
422,200,142.69299999999998
423,200,143.667
424,200,145.12900000000002
425,200,145.183
426,200,145.30100000000002
427,200,145.433
428,200,143.94799999999998
429,200,144.368
430,200,144.339
431,200,145.05599999999998
432,200,145.897
433,200,143.62900000000002
434,200,144.084
435,200,143.617
436,200,144.181
437,200,145.47899999999998
438,200,147.464
439,200,146.498
440,200,146.18900000000002
441,200,144.417
442,200,144.283
443,200,143.749
444,200,142.999
445,200,145.518
446,200,145.968
447,200,146.924
448,200,146.013
449,200,145.269
450,200,142.996
451,200,144.033
452,200,143.838
453,200,144.481
454,200,147.824
455,200,145.26500000000001
456,200,147.146
457,200,146.935
458,200,146.86599999999999
459,200,146.29500000000002
460,200,147.211
461,200,147.024
462,200,148.00199999999998
463,200,146.3
464,200,146.842
465,200,146.303
466,200,147.86599999999999
467,200,146.90900000000002
468,200,148.32
469,200,145.57899999999998
470,200,145.704
471,200,145.935
472,200,145.329
473,200,144.27
474,200,145.741
475,200,147.646
476,200,146.221
477,200,145.926
478,200,146.416
479,200,145.751
480,200,144.391
481,200,142.891
482,200,144.017
483,200,146.357
484,200,146.171
485,200,143.923
486,200,145.947
487,200,147.113
488,200,146.084
489,200,145.058
490,200,145.19199999999998
491,200,146.731
492,200,147.361
493,200,145.44199999999998
494,200,146.033
495,200,144.503
496,200,145.508
497,200,145.934
498,200,145.194
499,200,146.587
500,200,145.095
501,200,143.63600000000002
502,200,146.072
503,200,146.35799999999998
504,200,147.537
505,200,147.127
506,200,145.947
507,200,146.027
508,200,145.715
509,200,145.198
510,200,145.76
511,200,145.612
512,200,146.423
513,200,147.19199999999998
514,200,145.85899999999998
515,200,145.456
516,200,145.707
517,200,145.948
518,200,146.341
519,200,148.233
520,200,145.572
521,200,147.117
522,200,147.073
523,200,149.845
524,200,146.797
525,200,145.382
526,200,146.184
527,200,146.219
528,200,146.75900000000001
529,200,146.68300000000002
530,200,146.937
531,200,146.564
532,200,144.458
533,200,145.726
534,200,145.13799999999998
535,200,145.285
536,200,144.34199999999998
537,200,144.178
538,200,144.437
539,200,145.235
540,200,145.542
541,200,144.74300000000002
542,200,145.717
543,200,145.886
544,200,147.527
545,200,146.55599999999998
546,200,145.549
547,200,146.024
548,200,144.205
549,200,145.77200000000002
550,200,145.30499999999998
551,200,144.012
552,200,144.141
553,200,146.411
554,200,147.562
555,200,146.44199999999998
556,200,146.679
557,200,144.62900000000002
558,200,146.487
559,200,144.089
560,200,145.136
561,200,144.863
562,200,145.269
563,200,144.50199999999998
564,200,132.13400000000001
565,200,132.64999999999998
566,200,133.177
567,200,134.076
568,200,134.652
569,200,133.911
570,200,134.03699999999998
571,200,137.097
572,200,133.14999999999998
573,200,131.41
574,200,131.526
575,200,130.826
576,200,130.268
577,200,131.346
578,200,133.596
579,200,131.74099999999999
580,200,131.751
581,200,131.00400000000002
582,200,131.108
583,200,131.69400000000002
584,200,131.721
585,200,130.569
586,200,131.65099999999998
587,200,146.783
588,200,148.249
589,200,146.537
590,200,148.97
591,200,145.853
592,200,146.865
593,200,144.05499999999998
594,200,143.85
595,200,143.456
596,200,145.74300000000002
597,200,144.371
598,200,145.681
599,200,146.251
600,200,143.728
601,200,144.475
602,200,145.976
603,200,146.73600000000002
604,200,144.637
605,200,145.27200000000002
606,200,145.77499999999998
607,200,144.89499999999998
608,200,145.971
609,200,145.047
610,200,145.13799999999998
611,200,146.394
612,200,144.122
613,200,144.107
614,200,144.47099999999998
615,200,144.179
616,200,143.451
617,200,143.798
618,200,143.94199999999998
619,200,144.357
620,200,145.809
621,200,148.72299999999998
622,200,146.421
623,200,149.48
624,200,149.96200000000002
625,200,147.731
626,200,146.846
627,200,147.241
628,200,147.08599999999998
629,200,147.833
630,200,146.57
631,200,146.792
632,200,146.872
633,200,146.255
634,200,148.51500000000001
635,200,147.07799999999997
636,200,146.208
637,200,145.66799999999998
638,200,144.737
639,200,144.768
640,200,144.087
641,200,145.421
642,200,144.568
643,200,143.847
644,200,143.906
645,200,145.313
646,200,145.424
647,200,145.161
648,200,144.768
649,200,144.185
650,200,143.814
651,200,146.51500000000001
652,200,145.945
653,200,147.388
654,200,147.263
655,200,147.38299999999998
656,200,148.12
657,200,148.69
658,200,147.887
659,200,147.90200000000002
660,200,146.46200000000002
661,200,146.536
662,200,147.888
663,200,148.288
664,200,146.708
665,200,145.75
666,200,147.814
667,200,146.528
668,200,144.642
669,200,147.07500000000002
670,200,146.49599999999998
671,200,145.405
672,200,146.55
673,200,147.053
674,200,145.54500000000002
675,200,145.27
676,200,145.78
677,200,145.656
678,200,146.297
679,200,147.25900000000001
680,200,147.117
681,200,146.869
682,200,146.245
683,200,147.867
684,200,143.83499999999998
685,200,145.072
686,200,143.90200000000002
687,200,146.218
688,200,145.41299999999998
689,200,145.90800000000002
690,200,145.718
691,200,147.507
692,200,146.053
693,200,146.196
694,200,145.955
695,200,146.35799999999998
696,200,145.57999999999998
697,200,146.217
698,200,147.564
699,200,148.132
700,200,146.604
701,200,144.195
702,200,144.754
703,200,143.984
704,200,144.248
705,200,144.93200000000002
706,200,145.491
707,200,144.43800000000002
708,200,144.183
709,200,145.844
710,200,144.253
711,200,144.55100000000002
712,200,145.985
713,200,147.323
714,200,146.856
715,200,147.687
716,200,146.346
717,200,147.017
718,200,145.88400000000001
719,200,143.67
720,200,145.0
721,200,145.63899999999998
722,200,146.99699999999999
723,200,145.461
724,200,146.35999999999999
725,200,145.415
726,200,145.035
727,200,144.665
728,200,147.748
729,200,147.351
730,200,146.68
731,200,146.19299999999998
732,200,146.571
733,200,144.69099999999997
734,200,144.567
735,200,144.57500000000002
736,200,144.807
737,200,145.57899999999998
738,200,145.406
739,200,143.716
740,200,146.322
741,200,144.964
742,200,144.57500000000002
743,200,145.279
744,200,144.745
745,200,144.041
746,200,145.619
747,200,147.173
748,200,151.812
749,200,147.023
750,200,146.241
751,200,146.12
752,200,144.904
753,200,145.76500000000001
754,200,147.125
755,200,146.65200000000002
756,200,145.077
757,200,146.631
758,200,145.46300000000002
759,200,146.415
760,200,144.543
761,200,146.186
762,200,145.97199999999998
763,200,146.093
764,200,147.81
765,200,147.587
766,200,147.907
767,200,148.226
768,200,146.886
769,200,148.63299999999998
770,200,145.777
771,200,145.633
772,200,145.094
773,200,145.091
774,200,144.30599999999998
775,200,144.683
776,200,145.031
777,200,144.011
778,200,145.82500000000002
779,200,145.02
780,200,144.82999999999998
781,200,145.361
782,200,145.877
783,200,144.593
784,200,146.581
785,200,149.186
786,200,146.61599999999999
787,200,146.55599999999998
788,200,146.895
789,200,147.428
790,200,146.226
791,200,145.844
792,200,144.79600000000002
793,200,144.876
794,200,146.82799999999997
795,200,144.756
796,200,144.549
797,200,144.838
798,200,144.952
799,200,144.986
800,200,147.102
801,200,147.277
802,200,148.362
803,200,147.731
804,200,147.87
805,200,146.49
806,200,147.719
807,200,147.036
808,200,145.931
809,200,144.477
810,200,147.99699999999999
811,200,146.563
812,200,147.757
813,200,147.802
814,200,147.362
815,200,146.95
816,200,145.651
817,200,145.619
818,200,143.982
819,200,144.391
820,200,144.29
821,200,143.118
822,200,144.341
823,200,143.852
824,200,145.27499999999998
825,200,143.72099999999998
826,200,146.876
827,200,148.82899999999998
828,200,148.26500000000001
829,200,147.791
830,200,149.147
831,200,145.23
832,200,144.897
833,200,145.202
834,200,145.05599999999998
835,200,146.172
836,200,146.49599999999998
837,200,147.171
838,200,147.187
839,200,144.77599999999998
840,200,144.495
841,200,147.566
842,200,146.179
843,200,146.1
844,200,145.63799999999998
845,200,146.47899999999998
846,200,146.514
847,200,146.631
848,200,147.017
849,200,147.052
850,200,147.072
851,200,145.456
852,200,147.654
853,200,147.687
854,200,145.99
855,200,145.954
856,200,146.427
857,200,146.333
858,200,147.485
859,200,148.124
860,200,148.006
861,200,148.04500000000002
862,200,147.984
863,200,145.988
864,200,145.785
865,200,145.15900000000002
866,200,144.383
867,200,143.937
868,200,144.701
869,200,144.073
870,200,143.947
871,200,144.651
872,200,147.22
873,200,145.84900000000002
874,200,145.542
875,200,149.73600000000002
876,200,144.94899999999998
877,200,146.39
878,200,145.201
879,200,144.22899999999998
880,200,144.264
881,200,146.281
882,200,143.80599999999998
883,200,148.91
884,200,145.61599999999999
885,200,145.778
886,200,144.572
887,200,143.38500000000002
888,200,145.14
889,200,144.893
890,200,146.386
891,200,145.166
892,200,144.582
893,200,144.49300000000002
894,200,145.177
895,200,144.974
896,200,144.79600000000002
897,200,146.137
898,200,145.758
899,200,144.31900000000002
900,200,145.509
901,200,145.2
902,200,145.512
903,200,144.883
904,200,145.088
905,200,144.108
906,200,144.284
907,200,143.994
908,200,144.578
909,200,145.651
910,200,144.164
911,200,145.259
912,200,145.787
913,200,144.13799999999998
914,200,144.64499999999998
915,200,144.636
916,200,145.708
917,200,146.267
918,200,144.184
919,200,145.90800000000002
920,200,145.324
921,200,146.153
922,200,145.403
923,200,146.339
924,200,145.173
925,200,145.437
926,200,146.01500000000001
927,200,146.03199999999998
928,200,147.656
929,200,146.172
930,200,147.631
931,200,146.66199999999998
932,200,146.341
933,200,146.718
934,200,146.05499999999998
935,200,148.488
936,200,147.084
937,200,149.601
938,200,146.966
939,200,146.42
940,200,145.74699999999999
941,200,145.38899999999998
942,200,145.22199999999998
943,200,145.75199999999998
944,200,144.864
945,200,144.297
946,200,145.236
947,200,147.439
948,200,145.653
949,200,145.383
950,200,145.375
951,200,148.205
952,200,144.411
953,200,146.955
954,200,127.308
955,200,125.476
956,200,125.54799999999999
957,200,126.65399999999998
958,200,125.40599999999999
959,200,125.027
960,200,126.62100000000001
961,200,127.561
962,200,126.713
963,200,126.753
964,200,126.20600000000002
965,200,126.82099999999998
966,200,127.927
967,200,125.613
968,200,126.09200000000001
969,200,126.11
970,200,126.11900000000001
971,200,125.608
972,200,125.20600000000002
973,200,125.31800000000001
974,200,125.233
975,200,126.62899999999999
976,200,125.52
977,200,124.80499999999999
978,200,125.84799999999998
979,200,123.898
980,200,124.05
981,200,127.187
982,200,124.819
983,200,125.897
984,200,127.055
985,200,127.415
986,200,125.99499999999999
987,200,127.39200000000001
988,200,129.679
989,200,128.17999999999998
990,200,130.155
991,200,129.92000000000002
992,200,126.993
993,200,127.68499999999999
994,200,126.33
995,200,125.90100000000001
996,200,125.889
997,200,125.56600000000002
998,200,126.991
999,200,124.871
1000,200,127.28