1,200,1720.037
2,200,238.494
3,200,237.22099999999998
4,200,240.074
5,200,242.71
6,200,238.69000000000003
7,200,240.535
8,200,240.43
9,200,238.05100000000002
10,200,236.353
11,200,238.036
12,200,236.095
13,200,236.589
14,200,236.619
15,200,237.339
16,200,239.04500000000002
17,200,238.947
18,200,239.059
19,200,240.906
20,200,238.957
21,200,237.674
22,200,238.708
23,200,403.603
24,200,402.625
25,200,402.121
26,200,403.60699999999997
27,200,402.843
28,200,404.23900000000003
29,200,399.85900000000004
30,200,399.199
31,200,402.431
32,200,401.42699999999996
33,200,402.488
34,200,401.54200000000003
35,200,401.60400000000004
36,200,401.749
37,200,401.955
38,200,404.51300000000003
39,200,406.09299999999996
40,200,403.913
41,200,402.55999999999995
42,200,401.158
43,200,406.149
44,200,403.62
45,200,402.355
46,200,402.84799999999996
47,200,406.18199999999996
48,200,405.55600000000004
49,200,404.902
50,200,401.165
51,200,401.85900000000004
52,200,401.148
53,200,401.96500000000003
54,200,402.39399999999995
55,200,404.702
56,200,399.769
57,200,399.63300000000004
58,200,400.063
59,200,402.13599999999997
60,200,404.092
61,200,400.675
62,200,399.868
63,200,398.951
64,200,400.057
65,200,401.092
66,200,400.60499999999996
67,200,401.55600000000004
68,200,400.81899999999996
69,200,401.49600000000004
70,200,401.424
71,200,401.705
72,200,398.94800000000004
73,200,402.272
74,200,401.901
75,200,403.253
76,200,402.792
77,200,404.991
78,200,402.668
79,200,405.142
80,200,401.654
81,200,403.723
82,200,402.157
83,200,401.69599999999997
84,200,401.893
85,200,401.75899999999996
86,200,402.059
87,200,402.481
88,200,402.994
89,200,398.981
90,200,400.526
91,200,398.729
92,200,401.26800000000003
93,200,401.086
94,200,399.795
95,200,398.949
96,200,401.491
97,200,405.039
98,200,402.733
99,200,399.978
100,200,402.51
101,200,399.215
102,200,400.856
103,200,399.839
104,200,402.797
105,200,401.796
106,200,402.065
107,200,400.69500000000005
108,200,403.827
109,200,403.68
110,200,408.30699999999996
111,200,403.668
112,200,405.023
113,200,401.504
114,200,401.021
115,200,398.90799999999996
116,200,401.551
117,200,398.659
118,200,402.415
119,200,400.603
120,200,244.34900000000002
121,200,238.808
122,200,240.54600000000002
123,200,242.029
124,200,238.27300000000002
125,200,239.103
126,200,240.95
127,200,239.816
128,200,240.505
129,200,238.739
130,200,238.867
131,200,242.06
132,200,241.856
133,200,240.49499999999998
134,200,241.626
135,200,238.66299999999998
136,200,239.35
137,200,238.5
138,200,238.208
139,200,240.655
140,200,239.018
141,200,242.04
142,200,243.906
143,200,239.955
144,200,241.46
145,200,239.58499999999998
146,200,239.708
147,200,239.111
148,200,240.882
149,200,240.601
150,200,241.79899999999998
151,200,240.619
152,200,240.79
153,200,243.067
154,200,242.833
155,200,244.416
156,200,241.876
157,200,242.71400000000003
158,200,242.221
159,200,245.543
160,200,244.572
161,200,242.651
162,200,240.062
163,200,240.606
164,200,239.924
165,200,243.71
166,200,240.561
167,200,241.755
168,200,241.156
169,200,238.779
170,200,239.089
171,200,240.294
172,200,240.833
173,200,243.044
174,200,240.954
175,200,242.77499999999998
176,200,242.544
177,200,239.41299999999998
178,200,238.644
179,200,240.153
180,200,239.181
181,200,239.421
182,200,239.014
183,200,238.994
184,200,238.21200000000002
185,200,238.981
186,200,242.70600000000002
187,200,241.75
188,200,241.21699999999998
189,200,239.62900000000002
190,200,238.789
191,200,238.813
192,200,238.428
193,200,239.94899999999998
194,200,241.964
195,200,239.561
196,200,241.066
197,200,242.566
198,200,242.857
199,200,244.631
200,200,240.809
201,200,240.61599999999999
202,200,241.123
203,200,240.86599999999999
204,200,242.99699999999999
205,200,240.503
206,200,240.531
207,200,240.72199999999998
208,200,238.96
209,200,239.141
210,200,238.24699999999999
211,200,241.057
212,200,242.64
213,200,238.29600000000002
214,200,240.57899999999998
215,200,239.34900000000002
216,200,238.125
217,200,238.286
218,200,239.254
219,200,238.477
220,200,238.54500000000002
221,200,241.22299999999998
222,200,240.017
223,200,240.562
224,200,240.925
225,200,241.087
226,200,240.457
227,200,242.434
228,200,241.404
229,200,241.523
230,200,240.317
231,200,239.82500000000002
232,200,248.63
233,200,241.27599999999998
234,200,239.791
235,200,238.896
236,200,238.524
237,200,239.014
238,200,239.347
239,200,239.961
240,200,239.37800000000001
241,200,240.80599999999998
242,200,241.685
243,200,240.277
244,200,240.342
245,200,240.346
246,200,240.917
247,200,242.593
248,200,239.90800000000002
249,200,239.98
250,200,241.233
251,200,239.61599999999999
252,200,240.49
253,200,239.094
254,200,238.60700000000003
255,200,238.165
256,200,239.13400000000001
257,200,240.27
258,200,239.744
259,200,239.07600000000002
260,200,239.642
261,200,240.474
262,200,240.012
263,200,240.35999999999999
264,200,238.329
265,200,239.71
266,200,240.067
267,200,238.58599999999998
268,200,239.716
269,200,239.10500000000002
270,200,244.704
271,200,240.651
272,200,240.594
273,200,242.72199999999998
274,200,238.954
275,200,238.47199999999998
276,200,239.41799999999998
277,200,244.59
278,200,242.85899999999998
279,200,241.264
280,200,241.334
281,200,240.644
282,200,243.482
283,200,241.338
284,200,240.481
285,200,243.032
286,200,241.15200000000002
287,200,244.431
288,200,240.848
289,200,241.48600000000002
290,200,243.282
291,200,240.01600000000002
292,200,240.23
293,200,239.141
294,200,240.838
295,200,239.172
296,200,241.02100000000002
297,200,239.958
298,200,238.871
299,200,239.328
300,200,238.91000000000003
301,200,241.538
302,200,241.553
303,200,239.24200000000002
304,200,239.656
305,200,239.02
306,200,239.52100000000002
307,200,238.821
308,200,242.261
309,200,240.63899999999998
310,200,240.254
311,200,242.00900000000001
312,200,240.969
313,200,243.105
314,200,241.921
315,200,241.196
316,200,240.857
317,200,240.1
318,200,239.328
319,200,240.671
320,200,240.46
321,200,239.46
322,200,237.757
323,200,237.944
324,200,239.035
325,200,239.53900000000002
326,200,240.987
327,200,240.737
328,200,240.15
329,200,239.429
330,200,239.209
331,200,239.84900000000002
332,200,241.603
333,200,241.84
334,200,240.465
335,200,241.82999999999998
336,200,239.87800000000001
337,200,241.121
338,200,240.503
339,200,239.85899999999998
340,200,240.027
341,200,239.077
342,200,242.528
343,200,241.353
344,200,242.054
345,200,242.227
346,200,241.626
347,200,238.49699999999999
348,200,238.696
349,200,239.674
350,200,239.56900000000002
351,200,240.98600000000002
352,200,238.59199999999998
353,200,241.089
354,200,240.562
355,200,240.904
356,200,239.761
357,200,238.798
358,200,240.69299999999998
359,200,241.501
360,200,241.561
361,200,243.241
362,200,241.62800000000001
363,200,240.744
364,200,240.47199999999998
365,200,238.475
366,200,238.512
367,200,241.611
368,200,240.725
369,200,241.066
370,200,241.02
371,200,246.634
372,200,239.26500000000001
373,200,239.91899999999998
374,200,238.988
375,200,238.54
376,200,238.46800000000002
377,200,240.834
378,200,241.007
379,200,242.508
380,200,239.716
381,200,239.907
382,200,239.874
383,200,242.52499999999998
384,200,240.206
385,200,241.725
386,200,241.48
387,200,239.518
388,200,240.10999999999999
389,200,241.427
390,200,241.279
391,200,239.774
392,200,238.383
393,200,238.415
394,200,239.984
395,200,238.24200000000002
396,200,238.232
397,200,237.60500000000002
398,200,239.78199999999998
399,200,239.16299999999998
400,200,241.32799999999997
401,200,241.023
402,200,238.14
403,200,238.426
404,200,238.507
405,200,238.85500000000002
406,200,239.38
407,200,239.181
408,200,239.404
409,200,238.317
410,200,239.02499999999998
411,200,239.627
412,200,239.208
413,200,239.09900000000002
414,200,238.533
415,200,241.07
416,200,241.006
417,200,240.881
418,200,243.953
419,200,241.677
420,200,241.185
421,200,240.011
422,200,240.611
423,200,239.57600000000002
424,200,238.988
425,200,237.89499999999998
426,200,238.29500000000002
427,200,239.895
428,200,239.482
429,200,239.10500000000002
430,200,238.43200000000002
431,200,239.007
432,200,238.816
433,200,238.19899999999998
434,200,238.617
435,200,238.833
436,200,241.315
437,200,240.71699999999998
438,200,240.217
439,200,242.428
440,200,239.4
441,200,239.974
442,200,240.418
443,200,239.27
444,200,239.853
445,200,243.68
446,200,234.601
447,200,232.75199999999998
448,200,233.631
449,200,231.607
450,200,233.959
451,200,234.687
452,200,237.362
453,200,240.813
454,200,234.22899999999998
455,200,234.974
456,200,236.042
457,200,234.828
458,200,235.774
459,200,237.623
460,200,234.741
461,200,235.057
462,200,232.901
463,200,231.80100000000002
464,200,231.733
465,200,233.27200000000002
466,200,233.29
467,200,233.464
468,200,233.33300000000003
469,200,233.797
470,200,233.49
471,200,232.316
472,200,232.33200000000002
473,200,232.02900000000002
474,200,232.429
475,200,235.137
476,200,235.213
477,200,234.837
478,200,231.556
479,200,233.373
480,200,235.458
481,200,234.503
482,200,235.713
483,200,235.936
484,200,233.72299999999998
485,200,234.24200000000002
486,200,234.83499999999998
487,200,232.676
488,200,236.348
489,200,233.141
490,200,234.738
491,200,232.692
492,200,233.15
493,200,234.22299999999998
494,200,234.319
495,200,235.25099999999998
496,200,235.30499999999998
497,200,235.41
498,200,235.398
499,200,232.808
500,200,233.983
501,200,232.077
502,200,232.704
503,200,231.652
504,200,235.209
505,200,233.207
506,200,237.829
507,200,234.936
508,200,233.858
509,200,235.976
510,200,236.626
511,200,236.33499999999998
512,200,234.226
513,200,234.356
514,200,233.155
515,200,231.989
516,200,237.043
517,200,234.077
518,200,232.877
519,200,235.151
520,200,232.847
521,200,395.82099999999997
522,200,395.452
523,200,396.026
524,200,394.573
525,200,393.677
526,200,394.10499999999996
527,200,393.615
528,200,395.972
529,200,399.318
530,200,397.214
531,200,395.46500000000003
532,200,394.169
533,200,393.657
534,200,394.031
535,200,397.37
536,200,396.25
537,200,396.375
538,200,398.15099999999995
539,200,394.473
540,200,394.49
541,200,396.25899999999996
542,200,398.16200000000003
543,200,394.935
544,200,395.25100000000003
545,200,395.314
546,200,397.75
547,200,396.374
548,200,396.532
549,200,397.447
550,200,397.52500000000003
551,200,395.986
552,200,397.336
553,200,395.9
554,200,396.02700000000004
555,200,396.318
556,200,395.111
557,200,399.539
558,200,395.74399999999997
559,200,395.218
560,200,394.38
561,200,396.99899999999997
562,200,393.51399999999995
563,200,394.461
564,200,398.357
565,200,396.374
566,200,396.31899999999996
567,200,395.077
568,200,395.503
569,200,395.875
570,200,396.029
571,200,394.24199999999996
572,200,395.805
573,200,399.081
574,200,397.212
575,200,395.372
576,200,395.61800000000005
577,200,396.001
578,200,396.526
579,200,396.617
580,200,397.814
581,200,396.307
582,200,395.777
583,200,397.234
584,200,398.31
585,200,398.39599999999996
586,200,398.505
587,200,395.878
588,200,395.144
589,200,395.67400000000004
590,200,396.111
591,200,395.28200000000004
592,200,394.245
593,200,394.286
594,200,395.18399999999997
595,200,395.99
596,200,398.012
597,200,397.521
598,200,395.754
599,200,395.277
600,200,397.217
601,200,396.502
602,200,395.9
603,200,398.63300000000004
604,200,394.973
605,200,394.521
606,200,394.745
607,200,395.637
608,200,398.478
609,200,397.17900000000003
610,200,397.10699999999997
611,200,397.476
612,200,394.31899999999996
613,200,398.234
614,200,397.365
615,200,398.97700000000003
616,200,396.345
617,200,393.966
618,200,393.903
619,200,393.911
620,200,394.582
621,200,399.126
622,200,393.898
623,200,393.81300000000005
624,200,394.397
625,200,395.646
626,200,394.702
627,200,395.073
628,200,395.08500000000004
629,200,394.45799999999997
630,200,397.013
631,200,398.07399999999996
632,200,396.48699999999997
633,200,396.853
634,200,398.106
635,200,396.018
636,200,398.885
637,200,398.363
638,200,404.065
639,200,397.115
640,200,395.67400000000004
641,200,395.117
642,200,398.216
643,200,395.54699999999997
644,200,395.875
645,200,396.571
646,200,397.35900000000004
647,200,399.10499999999996
648,200,397.763
649,200,398.32099999999997
650,200,397.004
651,200,397.445
652,200,397.17900000000003
653,200,397.46500000000003
654,200,398.58500000000004
655,200,398.243
656,200,396.785
657,200,394.976
658,200,396.41900000000004
659,200,395.27099999999996
660,200,394.841
661,200,394.128
662,200,396.507
663,200,395.414
664,200,395.721
665,200,394.726
666,200,395.411
667,200,398.113
668,200,397.549
669,200,396.966
670,200,394.8
671,200,398.374
672,200,401.725
673,200,401.002
674,200,401.655
675,200,401.95
676,200,400.865
677,200,400.796
678,200,402.024
679,200,401.689
680,200,401.727
681,200,402.625
682,200,403.323
683,200,402.794
684,200,401.754
685,200,403.615
686,200,402.16
687,200,402.166
688,200,401.478
689,200,402.432
690,200,401.334
691,200,401.58700000000005
692,200,400.226
693,200,399.67
694,200,400.462
695,200,399.681
696,200,402.459
697,200,402.20099999999996
698,200,401.844
699,200,403.84999999999997
700,200,402.929
701,200,402.66
702,200,405.123
703,200,405.017
704,200,403.345
705,200,402.59000000000003
706,200,403.586
707,200,401.88
708,200,400.03499999999997
709,200,399.889
710,200,399.83000000000004
711,200,400.248
712,200,401.176
713,200,402.582
714,200,400.886
715,200,401.60200000000003
716,200,401.31899999999996
717,200,401.07
718,200,407.97299999999996
719,200,403.502
720,200,402.589
721,200,403.36899999999997
722,200,401.941
723,200,399.63300000000004
724,200,399.504
725,200,400.382
726,200,400.74
727,200,402.80899999999997
728,200,405.144
729,200,404.937
730,200,403.32
731,200,401.774
732,200,402.98499999999996
733,200,402.081
734,200,399.995
735,200,400.186
736,200,401.096
737,200,401.501
738,200,401.74399999999997
739,200,403.598
740,200,405.148
741,200,401.842
742,200,402.05
743,200,402.39399999999995
744,200,403.412
745,200,400.766
746,200,401.697
747,200,400.254
748,200,400.325
749,200,403.52700000000004
750,200,402.472
751,200,402.59499999999997
752,200,403.825
753,200,401.612
754,200,401.236
755,200,400.431
756,200,404.10200000000003
757,200,401.173
758,200,400.46700000000004
759,200,400.688
760,200,400.235
761,200,403.313
762,200,400.764
763,200,403.748
764,200,402.57
765,200,402.584
766,200,402.09299999999996
767,200,403.968
768,200,402.132
769,200,401.1
770,200,402.75600000000003
771,200,402.13599999999997
772,200,403.452
773,200,405.551
774,200,401.543
775,200,401.283
776,200,400.666
777,200,401.716
778,200,400.203
779,200,400.829
780,200,401.979
781,200,401.55
782,200,403.663
783,200,402.10699999999997
784,200,400.334
785,200,401.63500000000005
786,200,403.202
787,200,402.758
788,200,403.796
789,200,402.279
790,200,402.839
791,200,404.30100000000004
792,200,402.781
793,200,400.979
794,200,400.074
795,200,402.632
796,200,403.83299999999997
797,200,403.17199999999997
798,200,402.421
799,200,401.28200000000004
800,200,403.284
801,200,400.637
802,200,400.99
803,200,400.101
804,200,399.74
805,200,400.04699999999997
806,200,400.83000000000004
807,200,405.66200000000003
808,200,402.59099999999995
809,200,401.46
810,200,402.942
811,200,403.039
812,200,402.452
813,200,404.95599999999996
814,200,405.137
815,200,404.019
816,200,401.83799999999997
817,200,401.037
818,200,403.98499999999996
819,200,401.514
820,200,401.005
821,200,400.608
822,200,403.219
823,200,403.586
824,200,404.418
825,200,402.586
826,200,401.835
827,200,403.813
828,200,403.034
829,200,401.862
830,200,402.468
831,200,401.851
832,200,400.236
833,200,399.891
834,200,400.269
835,200,400.91700000000003
836,200,405.221
837,200,402.994
838,200,402.962
839,200,402.406
840,200,403.44
841,200,401.702
842,200,400.75699999999995
843,200,404.03
844,200,402.566
845,200,404.72799999999995
846,200,404.083
847,200,408.60699999999997
848,200,405.05600000000004
849,200,401.269
850,200,401.63
851,200,400.474
852,200,401.272
853,200,400.31699999999995
854,200,402.281
855,200,402.782
856,200,402.444
857,200,401.743
858,200,401.24
859,200,400.916
860,200,401.737
861,200,403.464
862,200,402.643
863,200,403.852
864,200,402.82
865,200,401.767
866,200,401.081
867,200,400.285
868,200,400.206
869,200,400.733
870,200,400.32800000000003
871,200,400.481
872,200,404.236
873,200,403.617
874,200,401.79900000000004
875,200,400.75
876,200,400.762
877,200,401.263
878,200,402.882
879,200,402.87
880,200,402.11
881,200,400.429
882,200,400.38800000000003
883,200,235.924
884,200,235.96800000000002
885,200,239.431
886,200,235.704
887,200,237.393
888,200,236.677
889,200,236.80599999999998
890,200,236.17499999999998
891,200,235.11
892,200,234.60600000000002
893,200,233.816
894,200,234.525
895,200,236.156
896,200,236.65200000000002
897,200,233.792
898,200,237.745
899,200,236.648
900,200,237.061
901,200,235.568
902,200,235.741
903,200,233.766
904,200,233.49200000000002
905,200,237.63899999999998
906,200,236.642
907,200,237.44799999999998
908,200,237.34
909,200,235.275
910,200,235.191
911,200,235.786
912,200,236.061
913,200,237.4
914,200,236.434
915,200,236.37900000000002
916,200,237.387
917,200,237.913
918,200,235.107
919,200,238.18800000000002
920,200,234.671
921,200,235.19
922,200,235.238
923,200,235.157
924,200,235.488
925,200,236.311
926,200,237.79600000000002
927,200,237.928
928,200,238.142
929,200,238.499
930,200,236.71800000000002
931,200,235.656
932,200,236.631
933,200,236.286
934,200,236.172
935,200,235.186
936,200,234.12
937,200,239.187
938,200,238.37
939,200,239.702
940,200,237.361
941,200,236.956
942,200,236.33
943,200,236.049
944,200,236.296
945,200,234.638
946,200,237.425
947,200,236.911
948,200,238.144
949,200,236.876
950,200,237.815
951,200,237.915
952,200,236.994
953,200,236.88500000000002
954,200,237.847
955,200,236.527
956,200,234.24800000000002
957,200,235.897
958,200,236.333
959,200,234.674
960,200,233.793
961,200,235.247
962,200,237.27599999999998
963,200,236.358
964,200,237.071
965,200,236.154
966,200,234.711
967,200,240.421
968,200,234.619
969,200,234.72299999999998
970,200,236.6
971,200,234.28
972,200,234.431
973,200,233.997
974,200,237.08
975,200,235.844
976,200,236.499
977,200,236.151
978,200,234.174
979,200,237.872
980,200,236.442
981,200,236.614
982,200,236.828
983,200,237.906
984,200,239.779
985,200,236.546
986,200,238.59199999999998
987,200,236.511
988,200,238.373
989,200,236.995
990,200,236.609
991,200,235.536
992,200,238.3
993,200,237.711
994,200,237.431
995,200,236.839
996,200,236.50199999999998
997,200,234.90800000000002
998,200,233.58
999,200,235.31099999999998
1000,200,236.474